0.0396,0.13758,0.00235,0.01121,0.00082,0.00285,0.00466,0.00508,0.09436,0.31293,0.23869,0.21296,0.00065,0.18323,0.04599,0.01004,0.00018,0.00028,0.00011,0.00039,0.00045,0.0014,0.00081,0.00329,0.00052,0.01214,0.00045,0.00065,0.00107,0.00058,0.00064,0.00116,0.00085,0.00016,0.00027,0.00047,0.00079,0.00208,0.00059,0.0004,0.00272,0.00609,0.00352,0.01297,0.00572,0.00077,0.00146,0.00027,0.00021,0.00909,0.00343,0.00227,0.00203,0.0025,0.00202,0.00053,0.00141,0.00132,0.00089,0.02325,0.07661,0.00321,0.00133,0.00131,0.00105,0.00432,3E-05,0.00012,0.00012,6E-05,0.00222,0.00019,0.00021,0.00018,7E-05,0.00217,0.00129,0.00317,0.00254,0.00102,0.00146,0.01083,0.00818,0.0024,0.00593,0.0027,0.00351,0.0003,0.00039
0.00413,0.09558,0.0007,0.00354,0.00043,0.00111,0.00323,0.00148,0.22446,0.0003,0.19736,0.01529,0.0017,0.0002,0.0036,0.00227,0.0001,0.00043,8E-05,0.00026,0.00036,0.00084,0.00046,0.00556,0.00218,0.00365,0.00787,0.00162,0.0005,0.00039,0.00074,0.00102,0.00043,0.00019,0.00064,0.00048,0.00048,0.00154,0.00025,0.00037,0.00189,0.00469,0.00211,0.00978,0.00477,0.00032,0.00072,3E-05,4E-05,0.00099,0.00079,0.00159,0.00167,0.0019,0.00081,0.00037,0.00064,0.00077,0.00072,0.00835,0.02743,0.0013,0.00022,0.0009,0.00049,0.00126,2E-05,0.0001,0.00014,5E-05,0.00142,2E-05,1E-05,2E-05,1E-05,0.00089,0.00054,0.00221,0.00176,0.0032,0.00029,0.0043,0.00172,0.00105,0.00153,0.001,0.00169,3E-05,7E-05
0.00014,1E-05,3E-05,1E-05,1E-05,3E-05,0.00018,4E-05,0,0,0,9E-05,0,1E-05,0.00011,4E-05,0,0,0,0.0204,0,4E-05,2E-05,0,3E-05,0,0,0,1E-05,0,0,3E-05,1E-05,0,0,1E-05,5E-05,8E-05,0,0,0.0001,0.00027,8E-05,0.00052,0.00027,1E-05,0,0,0.0001,0.0001,3E-05,8E-05,0.0001,0.0001,3E-05,2E-05,1E-05,4E-05,4E-05,0,0,8E-05,1E-05,5E-05,2E-05,7E-05,0,1E-05,0,0,6E-05,0,0,0,0,7E-05,3E-05,0,9E-05,1E-05,1E-05,6E-05,2E-05,2E-05,1E-05,0,6E-05,0,0
7E-05,0.00062,0.00091,0.03325,9E-05,0.00028,0.00017,0.00038,0.03567,3E-05,4E-05,6E-05,0.0001,5E-05,4E-05,5E-05,0.00048,5E-05,2E-05,5E-05,0.00012,0.00019,7E-05,0.00044,6E-05,8E-05,0.00079,9E-05,0.00013,0.0002,0.00013,0.00311,0.00013,3E-05,4E-05,7E-05,8E-05,8E-05,9E-05,0.00496,0.00015,0.00014,0.00031,0.00097,0.00099,3E-05,4E-05,0.00011,7E-05,0.00023,0.00037,0.00011,5E-05,0.00021,0.00019,8E-05,0.00019,0.00013,8E-05,0.0032,0.01051,6E-05,0.0001,0.00014,0.00013,6E-05,0,0,2E-05,7E-05,0.00014,0.00016,0.00023,0.00018,0.00012,9E-05,0.00012,9E-05,0.00015,5E-05,0.00019,0.00136,0.00095,0.00036,0.00024,0.0004,0.0005,0.00018,0.00035
0.01223,0.0014,0.00229,0.00271,0.0009,0.00221,0.0154,0.00328,0.00047,8E-05,0.00026,0.00055,0.00024,0.00056,0.00056,0.00377,0.00036,6E-05,0.00038,0.00038,9E-05,0.00326,0.25846,0.01764,0.19698,0.00029,0.00044,0.00054,0.00097,0.00268,0.00069,0.00301,0.00115,0.00016,0.00017,0.00047,0.00131,0.00747,0.00013,0.0002,0.00866,0.02388,0.03649,0.04652,0.0241,0.0008,0.00083,0.00109,0.00051,0.00641,0.00195,0.01084,0.01528,0.00889,0.00373,0.00224,0.00077,0.00316,0.00363,0.00103,0.00314,0.00639,0.00065,0.00403,0.00119,0.00641,0.00012,0.00049,0.00025,0.00096,0.00499,1E-05,4E-05,1E-05,3E-05,0.00416,0.00272,0.00062,0.00761,0.00104,0.00283,0.00549,0.00352,0.00209,0.00136,0.00033,0.00577,1E-05,0.00019
1E-05,0,0,0,0,0,1E-05,0,0,0,0,3E-05,0,0,0,0,0,0,0,0,1E-05,0,0,7E-05,4E-05,0,0,0,0,0.00264,0.00034,0,0,0,0,0,0,0,0,0,0,1E-05,0,2E-05,1E-05,0,0,0,0,0,0,0,0,1E-05,0,2E-05,0,0,0,0,0,1E-05,0,0,0,1E-05,0,0,0,0,0,0,0,0,0,1E-05,0,0,0,0,0,0,0,0,1E-05,0,0,1E-05,0
0.00018,2E-05,5E-05,2E-05,2E-05,5E-05,0.04335,9E-05,1E-05,0,1E-05,2E-05,1E-05,1E-05,2E-05,6E-05,1E-05,1E-05,1E-05,1E-05,2E-05,5E-05,2E-05,2E-05,3E-05,1E-05,2E-05,0.00012,0.00918,0.12195,0.19947,7E-05,0.00015,1E-05,1E-05,2E-05,2E-05,0.00012,1E-05,1E-05,0.00013,0.00046,0.00011,0.0007,0.00035,4E-05,2E-05,1E-05,1E-05,0.00033,8E-05,0.00011,0.00012,0.00022,5E-05,0.00012,7E-05,6E-05,6E-05,2E-05,2E-05,0.00015,0.00011,8E-05,3E-05,0.00012,0,1E-05,1E-05,2E-05,0.0001,2E-05,2E-05,2E-05,1E-05,0.0001,6E-05,0,0.00012,3E-05,4E-05,0.00011,5E-05,3E-05,5E-05,1E-05,0.0001,5E-05,3E-05
0.00054,0.00064,7E-05,0.00079,2E-05,7E-05,0.00022,0.0022,2E-05,1E-05,0.00022,0.00354,3E-05,1E-05,3E-05,5E-05,2E-05,1E-05,1E-05,2E-05,3E-05,0.00021,7E-05,0.00026,0.00072,2E-05,6E-05,0.01807,0.07225,0.00011,6E-05,0.00125,3E-05,7E-05,0.00022,9E-05,3E-05,0.00011,2E-05,4E-05,0.0001,0.00037,9E-05,0.00054,0.00025,0.00971,0.00862,5E-05,9E-05,0.00025,6E-05,7E-05,8E-05,0.00023,6E-05,0.00014,0.00012,0.0001,5E-05,0.00024,0.00011,0.00012,5E-05,0.00013,4E-05,0.00017,0.00018,0.00078,0.00195,0.00024,9E-05,5E-05,6E-05,4E-05,2E-05,0.00013,5E-05,0,8E-05,3E-05,0.00028,8E-05,0.00056,3E-05,0.0003,3E-05,0.0001,0.00017,0.00031
0.00125,0.00272,0.00218,0.00994,0.00117,0.00363,0.00262,0.00483,0.04613,0.00037,0.0038,0.04603,0.02338,0.0005,0.00048,0.00073,0.00045,0.00047,7E-05,0.00047,0.00071,0.00137,0.00097,0.00557,0.00051,0.00092,0.00097,0.00101,0.0012,0.00086,0.00054,0.00248,0.00116,0.00023,0.00041,0.00066,0.00095,0.00114,0.001,0.00323,0.0023,0.00246,0.00405,0.00806,0.00289,0.00105,0.00262,0.00022,0.00017,0.00087,0.00238,0.00163,0.00088,0.0017,0.00177,0.00034,0.00184,0.0011,0.00045,0.04168,0.13754,0.00085,0.00056,0.00099,0.00144,0.0007,1E-05,5E-05,4E-05,0.00013,0.00164,0.00021,0.00018,0.00025,0.00012,0.00086,0.00045,0.01292,0.00209,0.0001,0.00029,0.01696,0.00599,0.00374,0.00628,0.00478,0.00354,0.00032,0.00042
7E-05,0.01701,0.00075,0.00077,5E-05,0.00021,0.00014,0.00042,0.03405,0.21737,0.00435,0.02049,0.00901,3E-05,4E-05,6E-05,5E-05,3E-05,1E-05,3E-05,4E-05,7E-05,4E-05,0.00028,3E-05,5E-05,8E-05,5E-05,9E-05,6E-05,7E-05,0.00026,0.0001,2E-05,4E-05,6E-05,7E-05,6E-05,5E-05,0.00036,0.0003,0.00012,0.00018,0.00032,0.00014,9E-05,0.00021,3E-05,2E-05,0.00094,0.00025,7E-05,3E-05,7E-05,0.00014,4E-05,0.00013,6E-05,3E-05,0.00191,0.0063,0.00023,4E-05,5E-05,7E-05,3E-05,0,0,1E-05,2E-05,8E-05,3E-05,3E-05,4E-05,2E-05,7E-05,0.00012,0.00231,8E-05,1E-05,6E-05,0.0008,0.00115,0.00018,0.00022,0.00022,0.00016,4E-05,5E-05
0.00034,0.00423,0.00014,0.00268,0.0001,0.0003,0.0005,0.00042,0.00341,6E-05,0.00699,0.25498,0.05994,6E-05,0.00012,0.00026,0.00043,7E-05,5E-05,5E-05,0.00444,0.00024,0.0001,0.0004,8E-05,8E-05,0.00067,9E-05,0.00013,0.00018,0.00012,0.00265,0.0003,4E-05,5E-05,8E-05,0.00011,0.00024,9E-05,0.00412,0.00129,0.00066,0.00044,0.00196,0.00135,0.00014,0.00058,0.00011,8E-05,0.00028,0.00023,0.00027,0.00023,0.00044,0.0002,0.00017,0.00022,0.00022,0.00021,0.00288,0.00941,0.00023,0.00013,0.00026,0.00014,0.00023,0,1E-05,0.00082,0.0001,0.00034,0.00015,0.00022,0.00017,0.00011,0.00024,0.00018,0.01133,0.00033,0.00904,0.00026,0.0014,0.00148,0.00038,0.00047,0.00037,0.00057,0.00021,0.00035
0.00235,0.07593,0.00305,0.0403,0.00019,0.00077,0.00109,0.00154,0.06009,0.00819,0.01395,0.06969,0.18921,9E-05,0.00018,0.00037,0.0002,0.00011,7E-05,8E-05,0.00013,0.00029,0.00016,0.00073,0.00012,0.00072,0.00031,0.00015,0.0002,0.00016,0.00011,0.00104,0.00041,8E-05,0.00011,0.00013,0.00018,0.00036,0.00015,0.00146,0.00183,0.00096,0.00071,0.00441,0.00271,0.00116,0.00125,0.00029,0.00021,0.0004,0.00096,0.00067,0.00034,0.00088,0.00035,0.00022,0.00029,0.00147,0.00023,0.00527,0.01733,0.00034,0.0011,0.00042,0.00093,0.00344,0,2E-05,0.00019,0.00583,0.00095,0.00024,0.00033,0.00026,0.00011,0.00131,0.00054,0.01328,0.00047,0.001,0.00471,0.00276,0.00398,0.00101,0.00489,0.00083,0.00127,0.00039,0.00047
3E-05,0.00016,0.00045,0.00154,6E-05,0.00021,0.00011,0.00032,0.00059,3E-05,0.0002,0.0001,0.02486,3E-05,4E-05,5E-05,0.0001,6E-05,3E-05,3E-05,7E-05,0.0001,5E-05,0.00032,4E-05,7E-05,0.00021,7E-05,8E-05,8E-05,5E-05,0.00058,9E-05,4E-05,4E-05,5E-05,9E-05,5E-05,7E-05,0.0009,0.00018,4E-05,0.0002,0.0005,0.00023,0.0002,0.00053,7E-05,5E-05,9E-05,0.00023,8E-05,3E-05,0.0001,0.0001,5E-05,0.00012,0.00011,3E-05,0.00227,0.00747,4E-05,0.00021,5E-05,0.00014,0.00061,0,0,1E-05,2E-05,0.00025,7E-05,9E-05,8E-05,4E-05,8E-05,3E-05,0.00103,8E-05,0.00013,5E-05,0.00105,0.00083,0.00029,0.00017,0.00027,0.00032,0.0001,0.00014
0.00018,2E-05,4E-05,2E-05,1E-05,4E-05,0.00023,8E-05,1E-05,1E-05,1E-05,1E-05,1E-05,0.00033,1E-05,5E-05,1E-05,0,1E-05,1E-05,1E-05,5E-05,2E-05,1E-05,2E-05,1E-05,1E-05,1E-05,2E-05,1E-05,1E-05,6E-05,2E-05,0,1E-05,1E-05,2E-05,0.00011,1E-05,3E-05,0.00013,0.00036,0.0001,0.00068,0.00035,2E-05,1E-05,0,1E-05,0.0003,0.00018,0.00011,0.00013,0.00013,9E-05,5E-05,2E-05,8E-05,6E-05,0,0,0.00013,2E-05,6E-05,2E-05,9E-05,0,1E-05,1E-05,0,7E-05,0,0,1E-05,0,7E-05,5E-05,0,0.00011,1E-05,2E-05,8E-05,3E-05,3E-05,2E-05,0,8E-05,0,1E-05
0.00326,0.00049,0.00023,0.00043,8E-05,0.00022,0.00127,0.00031,0.0032,0.00035,0.00454,0.00456,0.00027,0.00027,0.10464,0.2538,0.18861,0.0611,0.03981,0.00207,0.04737,0.00349,0.00032,0.00249,0.00058,0.00676,0.02546,0.0016,0.00962,0.00174,0.00012,0.00437,0.00378,0.00012,0.00565,0.00065,0.00266,0.00362,0.02713,0.00497,0.00513,0.00192,0.00088,0.00443,0.00218,0.00035,0.00136,0.00095,0.00044,0.00052,0.00036,0.00066,0.00069,0.00085,0.00033,0.00052,0.00034,0.00053,0.00037,0.00592,0.0001,0.00061,0.00026,0.00041,0.0002,0.00072,1E-05,4E-05,6E-05,0.00016,0.00137,0.00039,0.00348,0.00049,0.00011,0.00113,0.00444,0.00484,0.00095,9E-05,0.00021,0.00247,0.00023,0.00048,0.00166,0.00085,0.00142,0.00225,0.0032
0.00015,3E-05,3E-05,6E-05,1E-05,2E-05,0.00015,3E-05,7E-05,2E-05,9E-05,0.0001,3E-05,1E-05,0.00425,0.00836,0.00583,0.00196,0.0013,7E-05,0.00078,0.00012,2E-05,5E-05,2E-05,0.00022,0.00093,3E-05,0.00017,5E-05,2E-05,0.00057,0.00019,1E-05,0.00017,2E-05,0.01233,0.00017,0.00107,0.00091,0.00069,0.00023,8E-05,0.00053,0.00036,2E-05,7E-05,3E-05,2E-05,5E-05,2E-05,8E-05,8E-05,0.00018,3E-05,5E-05,3E-05,4E-05,4E-05,0.00011,6E-05,7E-05,4E-05,6E-05,2E-05,8E-05,0,0,1E-05,1E-05,0.00018,8E-05,0.00012,4E-05,2E-05,0.00012,0.00011,0.00369,8E-05,1E-05,4E-05,0.0001,4E-05,4E-05,0.0001,3E-05,0.00014,0.0002,0.00014
0.00214,0.00073,0.00053,0.00208,0.00014,0.00036,0.00094,0.00083,0.00084,0.00155,0.00123,0.00118,0.00411,6E-05,0.00152,0.00084,0.00724,0.01617,0.01192,0.00032,0.00496,0.00312,0.00059,0.00815,0.00024,0.00256,0.00046,0.00967,0.00267,0.00397,0.0017,0.00784,0.00756,0.00032,0.00691,0.00375,0.00208,0.00326,0.00112,0.00221,0.00289,0.00126,0.00166,0.00294,0.00129,0.00183,0.00161,0.0049,0.00051,0.00036,0.00019,0.00126,0.00046,0.00092,0.00057,0.00337,0.00034,0.00165,0.00192,0.0015,6E-05,0.00058,0.00153,0.00033,0.00013,0.00038,1E-05,3E-05,2E-05,7E-05,0.00161,0.00034,0.00854,0.00066,0.00039,0.00179,0.00052,0.01244,0.00043,4E-05,8E-05,0.00122,0.00011,0.00096,0.00202,0.00337,0.00076,0.00891,0.00568
0.0001,6E-05,2E-05,8E-05,1E-05,2E-05,8E-05,4E-05,4E-05,6E-05,4E-05,4E-05,0.00011,3E-05,0.00135,0.00098,0.02782,0.21953,0.15117,0.00033,5E-05,0.00285,2E-05,0.00018,3E-05,7E-05,7E-05,0.00014,7E-05,0.00015,4E-05,0.00032,0.00026,7E-05,0.00026,0.00011,0.0001,0.0001,0.00169,0.00067,0.00065,0.00011,7E-05,0.00084,0.00015,6E-05,6E-05,0.00011,2E-05,3E-05,1E-05,8E-05,5E-05,0.00023,3E-05,0.00036,3E-05,0.00015,6E-05,6E-05,3E-05,7E-05,0.0001,3E-05,2E-05,7E-05,0,0,1E-05,1E-05,0.00036,0.0001,0.0001,4E-05,2E-05,0.00019,3E-05,0.00039,4E-05,1E-05,2E-05,7E-05,2E-05,4E-05,0.00022,3E-05,5E-05,0.00069,0.00165
0.00076,0.0005,3E-05,0.00084,1E-05,0.00016,0.00014,0.00041,0.00015,0.00049,0.00022,0.00021,0.00143,0,0.00021,0.00021,0.00025,0,0.05383,0.00018,0.00026,0.00028,0.00016,0.0025,4E-05,0.00067,9E-05,0.00207,0.00081,0.00192,0.00018,0.0028,0.00305,0.00011,0.00362,0.00116,0.00055,0.00084,0.00018,0.00018,0.00028,0.00012,0.00058,0.0063,0.00012,0.00032,0.00035,0.00142,0.0001,2E-05,1E-05,6E-05,4E-05,0.00018,6E-05,7E-05,0.00013,0.00072,0.00065,0.00068,0,4E-05,0.00075,4E-05,2E-05,3E-05,0,0,0,0,0.00052,5E-05,0.00026,0.0001,0,0.0002,0.00023,0.00026,4E-05,0,1E-05,0.00048,1E-05,0.00045,0.00165,0.00022,0.00015,0.00231,0.00784
0.00301,0.00146,0.00075,0.00011,3E-05,0.02373,0.00011,8E-05,0.00062,0.00018,0.00094,0.00089,0.00049,0.00451,0.00028,8E-05,0.00026,3E-05,0.00012,0.26787,0.18126,0.01361,2E-05,4E-05,0.00023,0.00219,0.00019,0.00089,0.00096,7E-05,4E-05,0.00064,0.00129,0.00026,0.00034,0.0004,0.0001,0.0001,0.18438,0.01,0.00011,0.00016,7E-05,0.00085,0.0009,0.01394,0.02322,0.00044,0.00036,6E-05,6E-05,4E-05,5E-05,0.00102,4E-05,0.00022,0.00038,0.00031,0.00213,0.00015,0.00065,0.00016,0.00054,0.00068,0.00013,0.00029,0.00017,0.00073,0.00307,0.00073,0.00037,0.00117,0.00118,0.00094,0.00056,0.00079,5E-05,0.00019,0.00038,0.00077,0.00067,0.0007,0.0007,0.00067,0.0008,0.00024,0.00048,0.00106,0.0018
0.00139,0.00086,0.0051,0.00032,0.00011,8E-05,0.00015,0.00026,0.00715,0.00207,0.00912,0.01008,0.00496,0.05201,0.00282,0.00021,0.00193,0.00024,0.0012,0.0053,0.06495,0.16237,7E-05,0.00012,0.00195,0.02517,0.00032,0.00972,0.0102,3E-05,2E-05,0.00037,0.00019,0.00102,0.00067,0.00068,0.00012,5E-05,0.00033,0.00729,0.00011,0.0006,0.00025,0.00155,0.00086,0.00039,0.0007,0.00481,0.0029,0.00028,0.00055,9E-05,7E-05,0.00309,5E-05,0.00161,0.00239,0.00048,0.00296,0.00128,0.00449,0.0004,0.00342,0.00473,0.00115,0.0025,8E-05,0.00033,0.00063,0.00833,0.00325,0.00823,0.0124,0.00893,0.00596,0.00779,0.0002,0.00085,0.00405,0.00901,0.00684,0.00752,0.00445,0.00758,0.00441,0.00172,0.00259,0.00902,0.0171
0.00207,0.00047,0.0031,0.00028,0.00019,0.00032,0.00212,0.0005,0.00295,0.00088,0.00343,0.00391,0.00269,0.01845,0.0011,0.00103,0.00127,0.00024,0.00061,0.00196,0.02319,0.05784,0.00022,6E-05,0.00154,0.00973,0.00053,0.0036,0.00418,0.00037,0.00013,0.00125,0.00178,0.01187,0.00116,0.0005,0.00048,0.00136,0.0004,0.0037,0.00343,0.00387,0.0016,0.00744,0.00372,0.00021,0.00052,0.00185,0.00111,0.0007,0.00045,0.00097,0.00114,0.00233,0.00044,0.00107,0.00104,0.00068,0.00181,0.00104,0.00175,0.00207,0.00149,0.00351,0.00186,0.00251,4E-05,0.00018,0.00025,0.00305,0.00199,0.00352,0.00509,0.00377,0.00266,0.00392,0.00078,0.00047,0.00252,0.00334,0.00363,0.0035,0.0027,0.00377,0.00173,0.00067,0.00194,0.00414,0.00627
0.02362,0.00964,0.00443,0.08021,0.00378,0.00697,0.0068,0.04127,0.00136,0.00071,0.00059,0.00227,0.0031,0.00076,0.00716,0.00416,0.00041,0.00156,0.00039,0.0013,0.00218,0.00135,0.01508,0.16625,0.03509,0.00635,0.01037,0.00364,0.01469,0.02244,0.00821,0.0038,0.00141,0.00044,0.00156,0.00096,0.00059,0.00118,0.00089,0.00123,0.00163,0.09186,0.00066,0.00718,0.0104,0.00511,0.01153,0.00811,0.00133,0.03188,0.02797,0.11734,0.12534,0.00865,0.15198,0.12483,0.00165,0.00229,0.00023,0.00126,0.00126,0.00183,0.00184,0.00058,0.00226,0.00025,0,2E-05,6E-05,0.00107,0.00175,0.00078,0.00191,0.00182,0.00047,0.00378,0.03414,0.00468,0.00104,0.00592,0.00095,0.00206,0.00406,0.02629,0.00407,0.00099,0.00619,0.00424,0.00823
0.00077,0.00048,0.00101,0.00928,0.00036,5E-05,0.00012,0.00033,2E-05,3E-05,6E-05,2E-05,4E-05,0.00011,0.00098,0.0018,1E-05,0,0,1E-05,0.00014,1E-05,0.00145,0.12416,0.01975,6E-05,4E-05,0.00012,9E-05,0.01737,0.00342,0.00066,9E-05,9E-05,0.00033,0.00018,7E-05,2E-05,3E-05,7E-05,0.00011,0.0002,0.0002,0.00168,0.00015,0.00148,0.00282,0.00214,9E-05,0.015,0.00177,0.00618,0.00952,0.0022,0.00064,0.00791,0.00024,0.00046,1E-05,0.00025,0.0006,0.00055,0.00043,0.00012,0.00023,0.00093,0,0,3E-05,0,0.00053,0.00026,0.00054,0.00027,0.00016,0.00137,0,0,0.0001,0.0008,0.00052,0.00054,0.00115,0.00194,0.00225,0.00018,0.00084,0.00159,0.00078
0.08273,0.02783,0.00141,0.023,0.00199,0.00602,0.00651,0.01025,0.00109,0.01148,0.00276,0.03022,0.06732,0.01917,0.19369,0.06169,0.00134,0.01665,0.00289,0.01818,0.0518,0.02208,0.01186,0.29582,0.12943,0.22186,0.36255,0.06709,0.02949,0.01643,0.03218,0.02522,0.0231,0.00594,0.03133,0.01575,0.00977,0.00607,0.00876,0.02286,0.00121,0.00728,0.00442,0.01638,0.00893,0.01541,0.00672,0.00618,0.00125,0.0113,0.00141,0.00925,0.00995,0.00476,0.00808,0.01353,0.01065,0.00149,0.00088,0.00394,0.0038,0.00139,0.00127,0.00111,0.00099,0.00107,0.00012,0.00052,0.00249,0.00333,0.01609,0.00153,0.00131,0.00121,0.00056,0.00495,0.0024,0.0026,0.0012,0.00274,0.01019,0.00467,0.00913,0.00463,0.04124,0.02904,0.02998,0.0029,0.00257
0.00042,0.00812,0.00026,0.00486,3E-05,0.0031,0.00262,0.00487,0.00051,0.00031,0.0009,0.00164,0.00054,0.01143,0.04574,0.02159,0.00037,0.00029,0.00106,0.00803,0.02452,0.01246,0.00453,0.03066,0.00316,0.04031,0.00715,0.00271,0.01246,7E-05,0.00074,0.00309,0.01251,0.00019,0.00392,0.00158,0.00379,0.00314,0.00408,0.00526,0.00032,0.00031,0.00064,0.00184,0.00066,0.00847,0.00303,0.00264,0.0003,0.0031,0.00022,0.00044,0.00052,0.00143,0.00394,0.00096,8E-05,0.00033,5E-05,0.00109,0.00102,0.00014,0.00034,0.00034,0.00027,0.00036,7E-05,0.0003,0.00137,0.00046,0.00292,0.00029,6E-05,5E-05,3E-05,0.00178,0.00099,0.00107,0.00057,0.00027,0.00286,0.00197,0.00185,0.00074,0.02205,0.0171,0.01678,0.00056,0.00066
0.0085,0.00176,0.00084,0.01566,0.00017,0.00061,0.00297,0.0057,0.01046,0.00676,0.01332,0.01387,0.06133,0.00255,0.00922,0.00406,0.00613,0.07535,0.05945,0.00265,0.06139,0.05806,0.00202,0.0028,0.00816,0.03627,0.13667,0.02009,0.00909,0.00099,0.00025,0.00318,0.00471,0.03451,0.01112,0.00759,0.01059,0.01581,0.0391,0.03056,0.00455,0.00062,0.00025,0.00503,0.00158,0.01098,0.01291,0.00486,0.00793,0.02164,0.0014,0.02538,0.03737,0.00034,0.01095,0.00395,0.00188,0.00379,0.00205,0.00252,0.0085,0.00043,0.00159,0.00158,0.00057,0.00075,0.00029,0.00126,0.00682,0.00115,0.00241,0.00135,0.00212,0.00271,0.00102,0.00167,0.0011,0.00063,0.00084,9E-05,0.00154,0.00084,0.00111,0.00317,0.00476,0.00413,0.00644,0.00186,0.00739
6E-05,0.00018,0.00027,4E-05,2E-05,0.00013,0.00015,0.00019,0.00108,0.00066,0.0029,0.00178,0.01323,0.00016,0.00038,7E-05,0.00013,1E-05,1E-05,0.00014,3E-05,0.00021,3E-05,0.00011,0.00015,0.02983,0.00015,0.12479,0.0008,8E-05,0.00016,0.00036,0.00164,0.0032,0.00112,0.00021,6E-05,0.00138,0.00016,0.00186,0.00034,0.00014,3E-05,0.00039,0.00019,0.00147,0.00173,8E-05,0.00024,0.0007,5E-05,0.0033,0.00177,0.00067,0.0004,0.00041,0.00018,0.00033,6E-05,0.0005,0.00096,4E-05,0.00025,0.00021,7E-05,6E-05,4E-05,0.00017,0.00174,3E-05,0.00076,0.00011,0.00061,0.00013,0.00011,0.00015,2E-05,0.00013,0.00014,0.00027,0.00119,7E-05,0.00153,0.00139,0.0024,0.00156,0.0006,0.00063,0.00166
0.00097,0.00098,0.0002,0.00172,0.00017,0.00235,0.00266,0.00264,0.00011,0.00015,0.00091,0.00027,0.00011,5E-05,0.00045,0.00021,0.00016,6E-05,7E-05,0.00019,0.00027,0.00042,0.00064,0.00159,0.00042,0.0002,0.00048,0.01217,0.02221,0.0031,0.00055,0.0038,0.00059,0.00031,0.00078,0.00162,0.00063,0.00109,0.00042,0.00122,0.00053,0.00084,0.00034,0.00178,0.00093,0.16048,0.12715,0.0012,0.00082,0.00112,0.0003,0.00023,0.00026,0.00103,0.00035,0.00039,0.00038,0.00061,0.00016,0.00232,0.00147,0.00037,8E-05,0.00094,0.0003,0.00107,0.00162,0.00693,0.0408,0.0018,0.00084,0.00034,0.0005,0.00029,0.00021,0.00049,0.00014,4E-05,0.00023,0.00149,0.00713,0.0004,0.00422,0.00043,0.00168,0.00024,0.001,0.00122,0.00699
0.00262,0.00072,0.0006,0.00254,0.00012,0.00309,0.00561,0.01727,0.00135,0.00128,0.00218,0.00214,0.00319,0.00269,0.00296,0.00175,0.00277,0.00093,0.00138,0.00122,0.00142,0.00406,0.00308,0.02764,0.00247,0.00304,0.01818,0.01216,0.02454,0.20584,0.09556,0.1846,0.22205,0.04754,0.1562,0.11071,0.04593,0.05584,0.04172,0.03748,0.00088,0.00211,0.00082,0.02013,0.00623,0.09148,0.07552,0.00199,0.00072,0.00186,0.00045,0.00072,0.00085,0.0049,0.00165,0.00106,0.00256,0.00401,0.00049,0.00102,0.00079,0.00132,0.00043,0.00234,0.00052,0.00098,0.00019,0.0008,0.00103,0.00082,0.00091,0.00066,0.00093,0.00074,0.00042,0.00085,0.00053,6E-05,0.0007,0.0002,0.00207,0.00081,0.00192,0.00054,0.00165,0.00027,0.00147,0.00103,0.00186
0.00067,0.00017,0.00013,0.00056,4E-05,0.0009,0.00161,0.00507,0.00037,0.00034,0.00061,0.00058,0.00085,0.00077,0.00075,0.00046,0.00048,0.00023,0.00038,0.00034,0.00034,0.00112,0.0009,0.00792,0.00062,0.00073,0.0045,0.00351,0.0072,0.06042,0.02802,0.05213,0.06526,0.01396,0.04593,0.03268,0.01348,0.01639,0.01225,0.00758,0.00023,0.00057,0.00021,0.00547,0.00117,0.02687,0.02217,0.00052,0.00016,0.00052,0.00012,0.00018,0.00022,0.00133,0.00047,0.00024,0.00072,0.00116,0.0001,0.00026,0.00015,0.00038,8E-05,0.00063,0.00013,0.00025,5E-05,0.00023,0.00028,0.0002,0.00024,9E-05,0.00011,0.0001,5E-05,0.00021,8E-05,1E-05,0.00018,3E-05,0.00048,0.00018,0.00047,9E-05,0.00043,5E-05,0.00023,0.00017,0.00032
8E-05,2E-05,2E-05,7E-05,0,0.0001,0.00018,0.00053,4E-05,4E-05,7E-05,6E-05,9E-05,8E-05,8E-05,5E-05,7E-05,2E-05,4E-05,4E-05,4E-05,0.00012,9E-05,0.00083,7E-05,8E-05,0.00049,0.00037,0.00075,0.00628,0.00291,0.00551,0.00677,0.00145,0.00477,0.00339,0.0014,0.00171,0.00127,0.00095,3E-05,8E-05,3E-05,0.00062,0.00017,0.00279,0.00231,6E-05,2E-05,6E-05,2E-05,2E-05,3E-05,0.00015,5E-05,3E-05,8E-05,0.00012,2E-05,3E-05,2E-05,5E-05,1E-05,7E-05,2E-05,3E-05,1E-05,2E-05,3E-05,2E-05,4E-05,2E-05,2E-05,2E-05,1E-05,3E-05,1E-05,0,2E-05,1E-05,6E-05,4E-05,5E-05,1E-05,5E-05,1E-05,4E-05,3E-05,5E-05
0.00402,0.00116,0.00231,0.01121,0.00227,0.00142,0.00745,0.0093,0.00235,0.00182,0.00306,0.00328,0.02597,0.00031,0.00173,0.00195,0.00127,0.00039,0.00062,0.0021,0.00029,0.00146,0.00165,0.00167,0.00238,0.00343,0.00372,0.00028,0.0035,0.00811,0.00278,0.00826,0.0403,0.01464,0.00908,0.11451,0.04247,0.04891,0.01934,0.01009,0.06703,0.00958,0.00403,0.01953,0.01146,0.02673,0.02817,0.0024,0.00139,0.00242,0.00077,0.00295,0.00347,0.00465,0.00764,0.00153,0.00127,0.00122,0.00247,0.00047,0.00204,0.00359,0.00125,0.00256,0.00085,0.0024,0.00034,0.00145,0.01207,0.00081,0.00366,0.00307,0.00443,0.00359,0.0022,0.0027,0.00178,0.04027,0.00236,0.00059,0.00315,0.00377,0.00169,0.00166,0.00236,0.00081,0.00356,0.00368,0.00638
0.00034,0.00011,0.00055,0.00025,0.0007,0.00029,0.00042,0.00066,0.00036,0.0001,0.00087,0.00062,0.00101,0.00103,0.00043,0.00087,0.00024,0.0001,0.00012,0.00033,0.00133,0.00567,0.00023,0.00016,0.00201,0.00036,0.00626,0.0005,0.00283,0.00186,0.00111,0.00158,0.00894,0.09436,0.03311,0.00452,0.00353,0.00281,0.00041,0.00119,0.03141,0.0051,0.0048,0.00567,0.00074,0.00588,0.01519,0.0044,0.00198,0.00838,0.00099,0.00161,0.00135,0.0013,0.00188,0.00193,0.0042,0.00188,0.00758,0.00376,0.00295,0.02478,0.00629,0.00916,0.00289,0.00318,0,1E-05,2E-05,0.00028,0.005,0.01787,0.01145,0.00585,0.00401,0.00165,0.00011,0.00116,0.00085,0.00303,0.02071,0.01949,0.00316,0.0024,0.0018,0.00471,0.00082,0.00613,0.01211
0.00084,0.00024,0.00014,0.00121,0.00031,0.00028,0.001,0.00146,0.00064,0.00018,0.00317,0.00135,0.00071,0.00306,0.0008,0.00143,0.00046,0.00013,0.00013,0.00057,0.00123,0.00654,0.00015,0.00056,0.00223,0.00044,0.00075,0.00076,0.00342,0.00331,0.00091,0.00668,0.00966,0.15797,0.15882,0.0354,0.01657,0.00741,0.00082,0.00287,0.09239,0.00808,0.0022,0.01528,0.00125,0.00465,0.05545,0.00187,0.00034,0.03199,0.00219,0.00586,0.00629,0.00183,0.00861,0.00335,0.00319,0.00423,0.00016,0.00214,0.02255,0.00049,0.00033,0.0002,0.00142,0.00023,0,1E-05,2E-05,0.00098,0.00141,0.00029,0.00018,0.00012,9E-05,0.00055,0.00327,0.00043,0.00019,0.00141,0.00636,0.00901,0.00393,0.00175,0.00037,0.00019,0.00099,0.00021,0.00085
0.0013,0.00034,0.00033,0.00072,0.00083,0.00021,0.00189,0.00178,0.00033,0.00032,0.00048,0.00051,0.00052,0.00023,0.00086,0.00163,0.00032,0.00027,0.00031,0.00039,0.00015,0.00149,0.0005,0.00053,0.00071,0.00019,0.00113,0.00026,0.00202,0.00042,0.00055,0.00114,0.00464,0.00664,0.02028,0.0559,0.04476,0.00981,0.00104,0.00121,0.04057,0.00361,0.00227,0.00997,0.00223,0.01818,0.00682,0.00059,0.00033,0.0009,0.00064,0.00163,0.00291,0.00149,0.00679,0.0017,0.00115,0.00097,0.00132,0.0006,0.00279,0.01763,0.00066,0.00171,0.00098,0.00076,1E-05,5E-05,0.00333,0.00011,0.00132,0.00085,0.00127,0.00094,0.00061,0.00059,0.00042,0.07719,0.00066,0.00142,0.00447,0.00698,0.00154,0.00048,0.00044,0.00024,0.00064,0.00097,0.00179
0.00133,0.00047,0.00044,0.00137,0.00022,0.0002,0.00125,0.00062,0.00051,0.0004,0.0005,0.00058,0.00196,0.00037,0.00036,0.00056,0.00102,0.00103,0.00086,0.00031,0.00112,0.00134,0.00088,0.00094,0.00101,0.00094,0.00415,0.00151,0.00212,0.00115,0.00299,0.00613,0.00066,0.00069,0.00197,0.01939,0.32613,0.07418,0.00084,0.00916,0.00117,0.00199,0.00068,0.00499,0.0032,0.00075,0.00126,0.00347,0.00031,0.00836,0.00057,0.00721,0.00752,0.00304,0.00047,0.00158,0.00036,0.00069,0.00141,0.0002,0.00045,0.00058,0.00023,0.00046,0.00016,0.00062,1E-05,6E-05,0.00015,0.00018,0.001,0.00036,0.00052,0.0004,0.00025,0.00061,0.00761,0.00153,0.00058,0.00116,0.00937,0.00131,0.0013,0.0004,0.00063,0.0002,0.00213,0.00053,0.00189
0.00296,0.00029,0.00056,0.00026,0.00042,0.00055,0.00567,0.00074,0.00011,2E-05,7E-05,0.00014,5E-05,0.00014,9E-05,0.00087,0.00011,2E-05,9E-05,0.0001,2E-05,0.00081,0.00037,2E-05,0.00025,8E-05,0.00012,9E-05,0.00019,6E-05,5E-05,0.0008,0.00025,4E-05,3E-05,0.00029,0.00033,0.07354,7E-05,0.0002,0.00214,0.00593,0.00175,0.01141,0.00588,0.00014,0.0001,1E-05,3E-05,0.01872,0.00164,0.00177,0.0021,0.00222,0.00102,0.00447,0.00018,0.00077,0.00091,5E-05,1E-05,0.00162,0.00018,0.001,0.00029,0.00159,3E-05,0.00012,8E-05,7E-05,0.00128,1E-05,2E-05,1E-05,1E-05,0.00104,0.00069,0.00052,0.00189,0.00017,0.00024,0.00156,0.00045,0.00046,0.00029,8E-05,0.00141,2E-05,6E-05
4E-05,1E-05,3E-05,5E-05,1E-05,1E-05,5E-05,2E-05,3E-05,1E-05,2E-05,3E-05,6E-05,3E-05,2E-05,3E-05,8E-05,3E-05,2E-05,0.00095,4E-05,5E-05,1E-05,1E-05,9E-05,3E-05,0.00021,2E-05,9E-05,0.00013,4E-05,0.00056,7E-05,0.00038,6E-05,7E-05,0.00328,4E-05,0.00196,0.00105,0.00035,8E-05,0.00041,0.00023,0.0002,0.00435,0.00396,4E-05,4E-05,5E-05,2E-05,3E-05,3E-05,9E-05,2E-05,0.00011,3E-05,2E-05,7E-05,6E-05,4E-05,6E-05,5E-05,0.0001,0.00013,5E-05,0,0,1E-05,4E-05,5E-05,8E-05,6E-05,6E-05,4E-05,5E-05,2E-05,0,3E-05,0.00023,0.00088,0.00236,0.00065,9E-05,4E-05,1E-05,9E-05,0.00012,0.00032
0.0002,0.00016,0.00058,0.00272,2E-05,4E-05,0.00025,6E-05,2E-05,1E-05,3E-05,3E-05,2E-05,4E-05,3E-05,7E-05,0.00505,6E-05,0.00012,4E-05,0.00063,0.00094,4E-05,3E-05,0.00015,0.00511,0.00801,1E-05,0.0003,0.00135,0.00088,0.03316,0.00039,8E-05,2E-05,9E-05,5E-05,0.00013,3E-05,0.05798,0.00047,0.00047,0.00036,0.00604,0.00973,6E-05,0.0001,0.00099,0.0006,0.00012,0.00011,0.00012,0.00014,0.00139,5E-05,0.00035,0.00054,0.0002,0.00064,0.00052,0.00092,0.00015,0.00065,0.00085,0.00028,0.00037,0,1E-05,1E-05,0.0007,0.00096,0.00169,0.00253,0.00183,0.00122,0.0018,0.00107,0.00026,0.0003,0.00048,0.00196,0.00101,0.00129,0.00107,0.02219,0.02378,0.00585,0.00187,0.00351
0.00382,0.00037,0.00072,0.00033,0.00029,0.00069,0.00493,0.0009,0.00014,2E-05,8E-05,0.00017,6E-05,0.00018,0.00011,0.00112,0.00012,2E-05,0.00012,0.00012,2E-05,0.00104,0.00048,1E-05,0.00032,9E-05,0.00012,0.00012,0.00022,7E-05,5E-05,0.00094,0.00032,5E-05,4E-05,0.00013,0.00042,0.00238,4E-05,0.00012,0.00276,0.00766,0.00227,0.01475,0.00758,0.00017,0.00011,0,3E-05,0.00138,0.00055,0.00229,0.00272,0.00286,0.00083,0.00058,0.00023,0.00098,0.00117,6E-05,1E-05,0.00205,0.00021,0.00129,0.00038,0.00206,4E-05,0.00016,8E-05,8E-05,0.0016,1E-05,1E-05,0,1E-05,0.00133,0.00087,4E-05,0.00244,0.00022,0.00029,0.0017,0.00057,0.00059,0.00036,9E-05,0.00182,1E-05,6E-05
0.00587,0.00315,0.00384,0.00341,0.00022,0.00748,0.01653,0.01559,0.0031,0.00145,0.00369,0.00459,0.00627,0.00174,0.01436,0.00649,0.00311,0.00349,0.00448,0.00615,0.00942,0.00587,0.00052,0.00811,0.01305,0.00198,0.00931,0.01346,0.02511,0.0195,0.02883,0.0215,0.00392,0.00122,0.00268,0.00334,0.00159,0.00708,0.00367,0.00348,0.00385,0.09146,0.00516,0.03392,0.00883,0.00315,0.00154,0.00814,0.00652,0.00248,0.0041,0.0004,0.0004,0.0224,0.0009,0.00178,0.04803,0.00781,0.00652,0.01186,0.00804,0.01106,0.00677,0.00557,0.00323,0.0037,0,2E-05,1E-05,0.01771,0.00434,0.01226,0.00982,0.01054,0.00726,0.00766,0.00838,0.00066,0.00254,0.01136,0.00386,0.00534,0.00234,0.00456,0.00635,0.00291,0.00554,0.01604,0.0096
0.00273,0.00219,0.0088,0.00156,0.00093,0.0002,0.00395,0.00087,0.00267,0.00287,0.0032,0.01175,0.00622,0.00065,0.00874,0.0033,0.00204,0.00306,0.00257,0.00765,0.00981,0.00285,0.00864,0.00172,0.05503,0.00261,0.0049,0.03809,0.05946,0.03587,0.00724,0.00957,0.00256,0.00055,0.00205,0.00272,0.00104,0.00203,0.00274,0.00212,0.00208,0.05216,0.06575,0.00891,0.00334,0.00059,0.00042,0.0044,0.00257,0.00067,0.00176,0.01124,0.01347,0.05438,0.00178,0.00073,0.01067,0.00224,0.01948,0.01321,0.0028,0.00209,0.003,0.00147,0.00092,0.00093,1E-05,4E-05,2E-05,0.00428,0.00246,0.00824,0.0127,0.0092,0.00465,0.00559,0.00239,0.00022,0.00259,0.00073,0.0064,0.00673,0.00366,0.03088,0.00592,0.00203,0.00429,0.01243,0.00791
0.00217,0.00047,0.00054,0.00149,6E-05,0.00169,0.00574,0.00335,0.00068,0.00019,0.00045,0.00106,0.00213,0.00015,0.0015,0.00077,0.00044,0.00101,0.00042,0.00046,0.00117,0.00079,0.00011,0.00088,0.00579,0.00037,0.0009,0.00139,0.00605,0.00194,0.00264,0.00194,0.00055,0.0002,0.00035,0.00047,0.0002,0.00085,0.00045,0.00051,0.00076,0.00936,0.00077,0.02218,0.00134,0.00147,0.00046,0.00132,0.00074,0.00176,0.00082,0.00027,0.00028,0.00225,0.00369,0.00054,0.00467,0.00094,0.00147,0.00414,0.00481,0.00147,0.00173,0.00076,0.00055,0.00088,0,2E-05,1E-05,0.00676,0.00117,0.00108,0.00149,0.00136,0.00057,0.00086,0.0009,0.00015,0.00057,0.00193,0.00071,0.00281,0.00046,0.00151,0.00087,0.0008,0.00162,0.0031,0.00186
1E-05,0.00014,0,6E-05,0,0,0,0,0,0,1E-05,1E-05,4E-05,0,2E-05,0,0,1E-05,0,0,1E-05,0,0,4E-05,0.00013,1E-05,0.00071,6E-05,0.00189,5E-05,0,0,2E-05,0.00125,1E-05,0.00081,0.00034,1E-05,0,0,0,7E-05,4E-05,0.0096,0.0003,0.00146,5E-05,0.00021,6E-05,2E-05,3E-05,0,0,0.00011,0,3E-05,0.00043,6E-05,4E-05,0.00163,0,1E-05,0,3E-05,0,2E-05,0,0,0,0,3E-05,9E-05,0.00193,0.00031,6E-05,0,0.14513,0,0,0,0.00221,0.00336,0.0029,0,0.00069,0.00097,0.00101,0.00022,0.00017
0.0005,0.0005,0.0001,0.0003,0.00016,0.00014,0.00086,0.00054,9E-05,6E-05,0.00032,0.00018,0.00032,0.00012,0.00011,9E-05,0.00013,0.00013,5E-05,9E-05,0.00011,0.00017,0.00013,0.00055,0.00038,0.00039,0.00015,0.00016,0.00019,7E-05,7E-05,0.00029,0.00026,0.00017,0.00019,0.00035,0.00015,0.00038,0.00013,0.00026,0.00022,0.00188,6E-05,0.00595,0.00016,0.05229,0.0193,0.00026,0.00041,0.01425,0.00241,0.0003,2E-05,0.00431,0.00068,0.00053,0.00146,0.00358,0.00358,0.00076,0.00051,0.00107,0.01097,0.00453,0.00129,0.0019,0.00289,0.01231,0.0432,0.00104,0.00185,0.00064,0.00065,0.00013,0.00029,0.00395,0.00084,0.00038,0.00243,0.00162,0.00417,0.00237,0.00236,0.00037,0.00096,0.00021,0.001,0.00044,0.00251
0.0012,0.00125,0.00017,0.00072,0.00013,0.00027,0.00175,0.00071,5E-05,2E-05,0.00064,0.00018,0.0001,4E-05,8E-05,4E-05,0.00012,4E-05,2E-05,4E-05,8E-05,0.00019,5E-05,0.00018,0.0005,0.00014,6E-05,5E-05,9E-05,3E-05,3E-05,0.00011,8E-05,0.00011,7E-05,0.00037,0.00013,0.00041,0.0001,0.00032,0.00025,0.00096,4E-05,0.01417,0.00039,0.00586,0.04935,0.00037,0.00095,0.00439,0.00075,0.00013,1E-05,0.00378,0.00079,0.00045,0.00374,0.0085,0.00829,0.0016,0.00134,0.0004,0.00631,0.00779,0.0005,0.00293,0,0,0.11302,0.00248,0.00127,0.00053,0.00081,0.00029,0.00033,0.00886,0.00053,0.001,0.0041,0.00243,0.00937,0.00158,0.00513,0.00048,0.00246,0.00026,0.00098,0.00062,0.00561
0.01421,0.00337,0.00292,0.00355,0.00108,0.00291,0.01781,0.00477,0.00307,0.00309,0.00275,0.003,0.00287,0.00213,0.00247,0.00591,0.00362,0.00224,0.00209,0.00223,0.00288,0.00593,0.00204,0.00348,0.00349,0.0026,0.00626,0.00231,0.00309,0.00333,0.00262,0.01747,0.0035,0.00223,0.00278,0.00276,0.00373,0.00983,0.00203,0.02127,0.01111,0.02731,0.00815,0.05396,0.03023,0.00308,0.00291,0.00129,0.0013,0.01051,0.00335,0.00889,0.01048,0.01069,0.00431,0.00298,0.00135,0.00382,0.00456,0.00102,0.00212,0.00844,0.00124,0.00503,0.00153,0.00743,0.00015,0.00063,0.00092,0.00088,0.00632,0.00096,0.00137,0.0011,0.00067,0.00509,0.00397,0.00115,0.00865,0.00112,0.00229,0.00687,0.00293,0.00297,0.00209,0.00096,0.0078,0.00117,0.0022
0.02234,0.05808,0.00508,0.04322,0.00211,0.00801,0.01293,0.01705,0.07284,0.08474,0.06946,0.06644,0.07422,0.04209,0.0589,0.05615,0.04153,0.06133,0.04648,0.04969,0.07224,0.05499,0.0102,0.09472,0.06526,0.06404,0.08785,0.05315,0.0574,0.07329,0.05499,0.08194,0.06303,0.05787,0.07469,0.06361,0.06401,0.04216,0.05292,0.07815,0.03815,0.01219,0.00524,0.0245,0.01879,0.06771,0.0684,0.02255,0.02422,0.02533,0.00711,0.02585,0.02944,0.0097,0.02833,0.02262,0.00395,0.00463,0.00541,0.01777,0.04837,0.00821,0.00579,0.00587,0.00296,0.00438,0.00054,0.00232,0.01586,0.00419,0.01874,0.00752,0.0107,0.00686,0.00415,0.00635,0.00853,0.0287,0.00372,0.00521,0.01445,0.01573,0.01181,0.01179,0.01974,0.01388,0.01505,0.00917,0.01761
4E-05,6E-05,1E-05,4E-05,1E-05,2E-05,0.00041,6E-05,7E-05,0.00011,9E-05,8E-05,0.00011,4E-05,6E-05,7E-05,6E-05,4E-05,3E-05,8E-05,9E-05,0.0001,1E-05,4E-05,0.00014,5E-05,7E-05,8E-05,0.00014,0.00011,0.00019,0.00014,0.00015,5E-05,0.00011,0.00013,0.00012,8E-05,0.00015,0.00015,0.0001,7E-05,2E-05,0.00014,8E-05,0.00013,0.00016,3E-05,9E-05,0.00133,0.00269,3E-05,4E-05,3E-05,9E-05,5E-05,3E-05,6E-05,5E-05,1E-05,5E-05,0.00011,2E-05,0.00018,0.00015,9E-05,0,1E-05,3E-05,3E-05,3E-05,2E-05,2E-05,4E-05,0.00545,0.00021,4E-05,2E-05,2E-05,1E-05,3E-05,3E-05,0.00031,3E-05,3E-05,1E-05,0.00038,3E-05,5E-05
0.00043,0.00132,0.00018,0.00083,8E-05,0.0004,0.00891,0.00128,0.00142,0.00257,0.00103,0.0017,0.00255,0.00096,0.00102,0.00145,0.00129,0.00081,0.0006,0.00171,0.00207,0.00182,0.00021,0.00089,0.00311,0.00109,0.00151,0.00191,0.00286,0.00239,0.00438,0.00314,0.00302,0.00125,0.00243,0.00282,0.00206,0.00146,0.00199,0.00295,0.00119,0.00046,0.00014,0.0008,0.00073,0.003,0.00288,0.00063,0.0019,0.02715,0.05305,0.00033,0.00039,0.00029,0.00166,0.00085,0.00048,0.00102,0.00082,0.0003,0.00101,0.00185,0.0003,0.00029,0.00016,0.00024,2E-05,0.0001,0.00067,0.0005,0.00015,0.0004,0.00044,0.00074,0.00238,0.00065,0.00086,0.00041,0.00011,0.00016,0.00053,0.00049,0.00091,0.00052,0.00033,0.00021,0.00048,0.00056,0.00095
0.00199,0.0005,0.00898,0.00362,0.00037,0.0002,0.00057,8E-05,0.00028,4E-05,0.00102,0.0003,0.0004,1E-05,0.00019,0.00037,0.00025,0.00028,9E-05,0.00051,0.0011,0.0005,0.00016,7E-05,0.00018,0.0002,0.00049,0.00049,0.00048,0.00011,0.00041,0.00037,0.00068,0.00011,0.00016,0.00013,0.00011,9E-05,0.00037,8E-05,4E-05,0.00019,0.00314,0.00342,0.00059,0.00214,0.00605,0.00533,0.01083,0.00058,0.00341,0.00959,8E-05,0.00786,0.00149,0.01427,0.00501,0.00796,0.00016,6E-05,0.00011,0.00495,0.01994,0.00194,0.00328,0.00418,0,0,0,0.00076,0.00566,0.00781,0.00439,0.00636,0.06246,0.01686,0.00101,0.00221,0.00526,0.00033,0.11645,0.00853,0.03351,0.00468,0.00352,0.00071,0.01937,0.00404,0.07248
0.01854,0.03536,0.0065,0.02316,0.00679,0.01114,0.03937,0.03363,0.03953,0.05429,0.0292,0.0458,0.07637,0.02847,0.02628,0.03802,0.03382,0.02265,0.01634,0.04761,0.05711,0.04931,0.00322,0.0209,0.02485,0.02475,0.0396,0.05469,0.07133,0.06976,0.05078,0.08547,0.05859,0.03509,0.06261,0.07791,0.05521,0.03653,0.05303,0.07771,0.02783,0.00291,0.00771,0.01342,0.01398,0.0842,0.08181,0.00837,0.01546,0.08769,0.14838,0.00736,0.01339,0.03368,0.05072,0.02975,0.02075,0.03695,0.01255,0.00796,0.02787,0.00356,0.00786,0.00452,0.00194,0.00253,0.00059,0.00253,0.01763,0.00281,0.00292,0.00679,0.00765,0.01247,0.00366,0.00581,0.00471,0.00624,0.00137,0.00405,0.01262,0.01097,0.00953,0.00515,0.00887,0.00536,0.00822,0.00586,0.02094
0,0,0,0,0,0,0,0,0,0,0,0,0,0,0,0,0,0,0,0,0,0,0.01226,0,4E-05,0,0,0,0,0,0,0,0,0,0,0,0,0,0,0,0,0,0,0,0,0,0,0,0.00247,0,0,0,0,0,0,0,0,0,0,0,0,2E-05,0,0,0,0,0,0,0,0,0,0,0,0,0,0,0,0,0,0,0,0,0,0,0,0,0,0,0
0.00016,0.00082,0.0001,0.00074,0.01787,0.00014,0.00019,0.00028,0.00096,0.00134,0.00069,0.0011,0.00167,0.00066,0.00068,0.00097,0.00078,0.00059,0.00044,0.00112,0.00135,0.00117,0.0001,0.00063,0.00035,0.00088,0.00097,0.00126,0.00153,0.00157,0.00112,0.00193,0.00137,0.00086,0.00155,0.00183,0.00126,0.00089,0.00124,0.00183,0.00063,9E-05,5E-05,0.00033,0.00036,0.00198,0.00184,0.00028,0.00032,0.0034,0.00602,0.00024,0.00031,0.00014,0.0381,0.00141,0.00036,0.00199,0.00027,0.0002,0.00067,8E-05,0.00027,8E-05,5E-05,7E-05,1E-05,6E-05,0.00043,7E-05,0.0001,0.00019,0.0002,0.00042,8E-05,0.00123,0.00091,0.00012,4E-05,0.0001,0.00029,0.00033,0.00038,0.00016,0.00024,0.00015,0.00024,0.00017,0.00066
0.00016,0.00054,9E-05,0.00045,0.00096,9E-05,0.00015,0.00018,0.00057,0.00079,0.00049,0.00068,0.00112,0.00039,0.00045,0.00058,0.00049,0.00032,0.00023,0.0007,0.00086,0.00075,0.00017,0.00032,0.00011,0.00036,0.00061,0.00079,0.00099,0.00097,0.00068,0.00131,0.00088,0.00095,0.00097,0.00117,0.00077,0.00057,0.00076,0.00118,0.00041,0.00022,0.00107,0.00035,0.00033,0.00155,0.00156,0.00051,0.00069,0.00977,0.01803,0.00031,0.0004,0.00149,0.00546,0.01406,0.00098,0.00412,0.00072,0.00022,0.00059,0.0001,0.00077,0.00026,0.00047,0.00045,1E-05,4E-05,0.00027,5E-05,0.00013,0.00029,0.00017,0.00099,0.15578,0.00873,0.00262,0.00015,0.0003,0.00071,0.00021,0.00061,0.00119,0.0001,0.00035,0.0001,0.00392,0.00018,0.00126
3E-05,0.0002,6E-05,0.00013,1E-05,3E-05,4E-05,6E-05,0.00019,0.00027,0.00013,0.00022,0.0004,0.00013,0.00014,0.00019,0.00018,0.00011,8E-05,0.00024,0.00028,0.00026,5E-05,0.0001,4E-05,0.00012,0.00019,0.00027,0.00032,0.00033,0.00023,0.00045,0.00028,0.00017,0.00031,0.00038,0.00026,0.00019,0.00027,0.0004,0.00013,3E-05,2E-05,0.00011,0.00011,0.00052,0.00042,0.00031,0.00039,0.00483,0.00891,0.00012,0.00017,5E-05,0.00265,0.00166,0.0005,0.00203,0.00037,6E-05,0.00028,4E-05,0.00035,3E-05,4E-05,4E-05,0,1E-05,9E-05,0.00012,2E-05,0.00019,0.00012,0.00057,0.0006,0.00014,7E-05,2E-05,1E-05,3E-05,0.00011,0.00024,0.00013,0.00011,7E-05,4E-05,6E-05,0.00015,0.00067
0.00226,0.00424,0.0008,0.00287,0.0025,0.00175,0.00318,0.00577,0.00402,0.00564,0.00284,0.00492,0.00839,0.00305,0.0029,0.0043,0.00405,0.0023,0.00177,0.00514,0.00602,0.00583,0.00095,0.00255,0.00139,0.00269,0.00421,0.00573,0.00759,0.00713,0.00571,0.00994,0.00623,0.00372,0.00652,0.00817,0.00563,0.00456,0.00585,0.00836,0.00363,0.00282,0.00116,0.00454,0.00364,0.01072,0.00925,0.00721,0.00862,0.09991,0.15287,0.00261,0.0035,0.00189,0.05031,0.02851,0.01014,0.03503,0.00802,0.00134,0.00634,0.0053,0.00664,0.00141,0.00095,0.0017,7E-05,0.0003,0.00238,0.00526,0.00078,0.00453,0.00308,0.01255,0.00751,0.00349,0.00276,0.00043,0.00065,0.0008,0.00348,0.0048,0.00327,0.00451,0.00138,0.00087,0.00168,0.00528,0.01371
0.00015,0.00022,0.00051,6E-05,8E-05,8E-05,0.00169,0.00023,3E-05,2E-05,4E-05,4E-05,0.0001,0.00147,5E-05,7E-05,0.00015,7E-05,3E-05,2E-05,9E-05,0.0002,0,0.00015,0.00036,7E-05,3E-05,0.00019,8E-05,8E-05,5E-05,0.00016,0.00039,0.00173,0.00039,0.00087,0.00016,0.00038,6E-05,5E-05,5E-05,0.0001,0.00076,0.00023,3E-05,4E-05,0.00023,0.00084,0.00076,4E-05,1E-05,7E-05,0,0.00015,0.03712,4E-05,8E-05,0.00108,0.05905,0.00011,0.00016,0.00166,0.00063,0.00044,0.00121,0.00157,0,0,0,0.00067,0.00016,0.00113,0.00247,0.00083,0.00048,0.006,0.00029,0.00036,0.00151,0.00017,0.00349,0.00023,0.00059,0.00112,0.00063,0.00031,0.00044,0.0018,0.00266
5E-05,0.00015,0.01467,0.00018,0.0009,0.00067,0.00142,0.00017,5E-05,0.00022,0.00019,6E-05,0.00016,0.00012,3E-05,4E-05,1E-05,2E-05,1E-05,2E-05,0.00012,4E-05,1E-05,2E-05,0.00051,0.0006,0.00024,2E-05,8E-05,0.00014,1E-05,7E-05,8E-05,0.00042,0.00061,0.0004,9E-05,0.00054,4E-05,0.00027,0.00037,0.00119,0.00048,0.00795,5E-05,0.00111,0.00189,0.00041,0.00017,0.00035,0.00081,0.00045,2E-05,0.00721,0.00095,0.00353,0.00014,0.00022,4E-05,0.00023,0.00024,0.00251,0.00045,0.00056,0.00213,0.00147,0,0,2E-05,5E-05,0.00054,0.00407,0.00728,0.00013,0.21173,0.00402,1E-05,1E-05,0.00126,3E-05,0.00495,0.00799,0.00408,9E-05,0.00212,0.0001,0.00173,0.00314,0.00498
0.00308,0.0005,0.0093,0.00163,0.00282,0.00193,0.00376,0.00619,0.00036,0.00029,0.00072,0.00061,0.0006,0.00104,0.00032,0.00068,0.00081,0.00021,0.00018,0.00036,0.00149,0.0009,0.00022,0.00078,0.00068,0.00081,0.00161,0.00024,0.00129,0.00077,0.00128,0.00563,0.00085,0.00095,0.00057,0.00134,0.00082,0.00129,0.00038,0.00766,0.00224,0.00543,0.00221,0.01148,0.00497,0.00247,0.003,0.00169,0.00081,0.02501,0.0055,0.00176,0.00095,0.01918,0.00386,0.0361,0.00206,0.00255,0.00062,0.0023,0.00559,0.01026,0.00379,0.00134,0.0014,0.00808,1E-05,6E-05,0.00041,0.00028,0.00467,0.00274,0.00503,0.00242,0.03026,0.0119,0.00195,0.0002,0.00171,0.00046,0.00537,0.00601,0.00703,0.00094,0.01252,0.00094,0.00452,0.0131,0.00609
0.00193,0.00181,0.00259,0.00164,0.00077,0.00035,0.00091,0.00113,0.0004,0.00012,0.00027,0.00049,0.00053,0.00127,0.00043,0.00052,0.00187,0.00065,0.0006,0.00037,0.00052,0.00136,4E-05,0.00036,0.00056,0.00029,0.00064,0.00048,0.00102,0.00022,0.00023,0.00103,0.00079,0.00102,0.00072,0.00084,0.00024,0.00072,0.00108,0.00075,0.00054,0.00193,0.00218,0.0026,0.00139,0.00244,0.00252,0.02,0.01419,0.0004,0.00035,0.00026,0.00014,0.00178,0.01092,0.00128,0.00031,0.00606,0.01878,0.00189,0.0022,0.11224,0.01826,0.0103,0.02575,0.00675,0,1E-05,1E-05,0.02099,0.0019,0.00941,0.01217,0.01525,0.01087,0.00973,0.00019,0.00139,0.00337,0.00566,0.00697,0.0037,0.00598,0.00568,0.02429,0.00103,0.00421,0.02093,0.02302
0.00093,0.00014,0.00336,0.00012,0.00013,0.0002,0.00131,0.00035,0.00114,0.0005,0.00055,0.00083,0.00265,0.00012,0.00016,0.00161,0.00155,0.00048,0.00046,0.0003,0.00119,0.00064,0.00013,0.00012,0.00127,0.00268,0.00086,0.0003,0.00057,0.00024,0.00016,0.00061,0.00067,0.00118,0.00108,0.00064,0.00094,0.00165,0.00092,0.00103,0.00099,0.00301,0.00064,0.00569,0.00238,0.00019,9E-05,0.00068,0.0004,0.00112,0.00028,0.00057,0.00065,0.00096,0.00037,0.00065,0.00021,0.00056,0.00039,0.00075,0.0005,0.00415,0.10763,0.00424,0.00374,0.00152,1E-05,4E-05,2E-05,0.00046,0.00051,0.00205,0.00234,0.00209,0.00211,0.00196,0.00139,4E-05,0.00065,0.00016,0.00299,0.00422,0.00786,0.00289,0.0003,0.0001,0.00109,0.00324,0.0009
0.01266,0.01354,0.01525,0.01238,0.00839,0.01111,0.01071,0.0105,0.00829,0.02249,0.01143,0.01075,0.01279,0.01258,0.00995,0.00937,0.00298,0.00564,0.0047,0.00322,0.0117,0.00936,0.01957,0.01304,0.01467,0.01337,0.01454,0.01095,0.01214,0.0127,0.00987,0.01178,0.00819,0.01025,0.01276,0.01334,0.01225,0.0126,0.00329,0.00962,0.01066,0.01853,0.02246,0.01195,0.00362,0.01671,0.02363,0.01198,0.01929,0.01647,0.01672,0.01798,0.01758,0.02375,0.01839,0.01927,0.01824,0.01803,0.01653,0.02019,0.01856,0.01668,0.00801,0.2078,0.01733,0.24114,0.0136,0.01795,0.01329,0.02125,0.02801,0.01605,0.02881,0.01187,0.00743,0.01443,0.01863,0.02073,0.01723,0.01029,0.02285,0.03075,0.01634,0.01617,0.01249,0.01962,0.01453,0.03806,0.01775
0.00023,0.00016,0.00115,0.00028,1E-05,0.00119,0.0002,0.00082,4E-05,3E-05,5E-05,4E-05,4E-05,0.00034,8E-05,0.0001,8E-05,4E-05,4E-05,5E-05,5E-05,6E-05,1E-05,3E-05,0.00097,4E-05,5E-05,3E-05,9E-05,3E-05,0.00037,0.00012,5E-05,0.00094,6E-05,0.00024,4E-05,4E-05,6E-05,5E-05,0.00088,0.00015,0.00026,0.00015,9E-05,0.00089,0.00556,0.00013,0.0003,0.00019,0.00013,0.0009,0.00055,0.00075,0.00147,0.00109,0.00022,0.00022,0.00016,0.00033,6E-05,7E-05,6E-05,0.00056,0.49161,0.00028,1E-05,1E-05,0.0002,0.0002,0.00015,7E-05,0.00016,4E-05,0.00138,6E-05,1E-05,1E-05,8E-05,1E-05,0.00024,0.00014,0.00024,0.00013,6E-05,0.0001,7E-05,0.00055,9E-05
0.00121,0.00129,0.00143,0.00117,0.00079,0.00104,0.00101,0.00098,0.00078,0.0021,0.00107,0.00101,0.00122,0.00119,0.00093,0.00088,0.00036,0.00053,0.00045,0.0003,0.00109,0.0009,0.00183,0.00122,0.00138,0.00126,0.00136,0.00102,0.00113,0.00118,0.00091,0.0011,0.00077,0.00097,0.0012,0.00126,0.00115,0.00119,0.00037,0.00091,0.00102,0.00172,0.00214,0.00112,0.00034,0.0016,0.00223,0.00164,0.00228,0.00187,0.0016,0.00169,0.00165,0.00228,0.00173,0.00181,0.00188,0.00174,0.00195,0.00195,0.00206,0.00164,0.001,0.01959,0.00169,0.02278,0.00127,0.00168,0.00124,0.00279,0.00266,0.00189,0.00303,0.00188,0.00095,0.00137,0.00176,0.00194,0.00163,0.001,0.00239,0.00294,0.00167,0.00217,0.00116,0.00187,0.00138,0.00429,0.00225
0,0,0,0,0,0,0,0,0,0,0,0,0,0,0,0,0,0,0,0,0,0,0,0,0,0,0,0,0,0,0,0,0,0,0,0,0,0,0,0,0,0,0,0,0,0,0,0,0,0,0,0,0,0,0,0,0,0,0,0,0,0,0,0,0,0,0,0,0,0,0,0,0,0,0,0,0,0,0,0,0,0,0,0,0,0,0,0,0
0,0,0,0,0,0,0,0,0,0,0,0,0,0,0,0,0,0,0,0,0,0,0,0,0,0,0,0,0,0,0,0,0,0,0,0,0,0,0,0,0,0,0,0,0,0,0,0,0,0,0,0,0,0,0,0,0,0,0,0,0,0,0,0,0,0,0,0,0,0,0,0,0,0,0,0,0,0,0,0,0,0,0,0,0,0,0,0,0
0.00385,0.00407,8E-05,0.00248,0.00039,0.00038,0.00173,0.00065,0.00112,0.00019,0.00112,0.00096,0.00365,0.00241,0.00082,0.00088,0.01174,0.00046,0.00195,0.00094,0.0009,0.00417,2E-05,0.00023,0.00206,0.00127,0.00119,0.0003,0.00112,9E-05,0.0006,0.00156,0.0012,0.00161,0.00115,0.00138,0.00035,0.00145,0.00987,0.00181,0.00318,0.00039,0.00546,0.00064,8E-05,0.00121,0.00269,0.07404,0.06751,0.01601,0.00097,7E-05,0.00011,0.00239,0.00015,0.00035,0.0284,0.00731,0.0562,0.0091,0.04583,0.01258,0.01581,0.01492,0.00747,0.02596,0,0,0,0.11898,0.00168,0.05508,0.04664,0.10909,0.03569,0.00225,0.00133,0,0.00093,0.00453,0.03491,0.00415,0.01887,0.09313,0.00015,0.00405,0.0009,0.1038,0.0826
2E-05,1E-05,0,0,0,0,2E-05,0,1E-05,0,2E-05,2E-05,0,0,1E-05,1E-05,0.00049,0,0,0,0,1E-05,1E-05,6E-05,2E-05,0,0,0,0,0,0,1E-05,5E-05,6E-05,0,3E-05,3E-05,1E-05,1E-05,0,1E-05,2E-05,1E-05,6E-05,2E-05,5E-05,7E-05,0.00265,0.00241,4E-05,1E-05,1E-05,1E-05,2E-05,0,0,4E-05,2E-05,8E-05,1E-05,0.00164,0.00046,3E-05,0.0001,0.0003,4E-05,0,0.01488,0.01999,0.15373,1E-05,6E-05,5E-05,0.00012,4E-05,2E-05,0.00178,0,1E-05,1E-05,5E-05,1E-05,3E-05,0.00333,0,0.00015,1E-05,0.00011,0.0001
3E-05,3E-05,0.00091,2E-05,8E-05,6E-05,0.00022,0.00031,0.00013,6E-05,0.00016,0.00019,0.00016,0.00097,7E-05,3E-05,6E-05,4E-05,4E-05,0.0001,0.00094,0.00231,4E-05,0.00013,0.00014,0.0005,6E-05,0.00018,0.00025,4E-05,3E-05,9E-05,8E-05,8E-05,0.00011,0.00011,5E-05,0.00012,4E-05,0.00015,7E-05,0.00063,7E-05,0.0006,5E-05,0.00059,0.00021,0.00012,0.0001,0.00336,0.0006,9E-05,0,0.00122,0.0002,0.0004,8E-05,0.00013,0.00015,8E-05,7E-05,0.0004,0.00228,0.00063,0.0005,0.00062,0,0,1E-05,0.00014,0.02253,0.00045,0.00072,0.00013,0.01037,0.0028,0.00024,0.00112,0.00048,0.00066,0.00202,0.01641,0.00044,0.00142,0.00349,6E-05,0.00034,0.00114,0.00087
0.00074,0.00051,0.01218,0.00047,0.00145,0.00058,0.00278,0.00346,0.00491,0.0025,0.00283,0.0042,0.013,0.00148,0.00138,0.00589,0.00679,0.00298,0.0021,0.002,0.00548,0.0026,0.00131,0.00559,0.00651,0.01355,0.00453,0.00252,0.00367,0.00153,0.00128,0.00423,0.00464,0.00577,0.00583,0.00456,0.00432,0.00664,0.00469,0.00538,0.00274,0.02077,0.00099,0.01443,0.00261,0.02275,0.00502,0.00454,0.00283,0.13749,0.02452,0.00288,0.00035,0.03152,0.0051,0.00583,0.00142,0.00502,0.00575,0.0044,0.0026,0.0208,0.0938,0.03119,0.02475,0.01243,0,1E-05,0.00022,0.00409,0.01493,0.01296,0.01277,0.00946,0.0089,0.01204,0.01103,9E-05,0.00941,0.00758,0.01737,0.0206,0.01207,0.01353,0.00039,0.00149,0.00908,0.01524,0.00799
0,0.00216,0,0.00049,0,0,0,0,1E-05,1E-05,1E-05,1E-05,1E-05,1E-05,1E-05,1E-05,0,1E-05,1E-05,1E-05,1E-05,1E-05,0,1E-05,1E-05,1E-05,1E-05,1E-05,1E-05,1E-05,1E-05,1E-05,1E-05,1E-05,1E-05,1E-05,1E-05,1E-05,1E-05,1E-05,0,0,0,0,0,1E-05,1E-05,0,0,0,0,0,0,0,0,0,0,0,0,0,1E-05,0,0,0,0,0,0,0,0,0,0,0,0,0,0,0,0,0,0,0,0,0,0,0,0,0,0,0,0
0.00159,9E-05,0.00045,3E-05,1E-05,0.0024,0.00228,0.01052,8E-05,8E-05,0.00016,0.00056,0.00012,3E-05,8E-05,0.00012,3E-05,5E-05,3E-05,0.00034,0.00029,0.00045,1E-05,0.00102,0.00032,0.00014,0.00023,9E-05,0.00172,0.00057,0.00201,0.00103,0.00043,6E-05,0.00015,0.00016,0.00013,0.00064,4E-05,0.0001,0.00085,0.00253,1E-05,0.00054,0.0007,0.00052,0.00057,2E-05,2E-05,0.04715,0.00769,0.00031,2E-05,6E-05,0.00326,0.00044,0.00166,0.0008,1E-05,1E-05,3E-05,0.00982,0.00032,0.00038,0.0001,1E-05,0,0,1E-05,1E-05,3E-05,1E-05,1E-05,1E-05,6E-05,0.00108,0.00296,4E-05,3E-05,0,0.00046,0.00084,0.00076,1E-05,5E-05,2E-05,4E-05,2E-05,2E-05
0.01213,0.00122,0.0035,0.00105,0.001,0.00224,0.01579,0.00291,0.00047,0.00013,0.00029,0.00057,0.00025,0.00059,0.00037,0.00359,0.00038,8E-05,0.00039,0.0004,0.0001,0.00334,0.00154,0.0001,0.00109,0.00039,0.00042,0.0004,0.00075,0.00024,0.00018,0.0029,0.00105,0.00022,0.0002,0.00049,0.00136,0.00763,0.00014,0.00022,0.00882,0.02453,0.00723,0.04752,0.02404,0.0008,0.00055,5E-05,0.00011,0.0053,0.00197,0.00733,0.00864,0.00982,0.00274,0.00205,0.00073,0.00316,0.00373,0.00022,4E-05,0.00678,0.00129,0.00426,0.00145,0.00669,0.00012,0.0005,0.00027,0.00026,0.00521,0.00038,0.00066,1E-05,0.01762,0.00458,0.00282,0.00013,0.00791,0.00076,0.00137,0.00617,0.00215,0.0019,0.00128,0.00031,0.00595,0.00028,0.0006
6E-05,0.00091,0.00031,0.00189,3E-05,3E-05,0.00012,3E-05,1E-05,0,1E-05,1E-05,4E-05,0.00355,9E-05,2E-05,0,0,0,0,1E-05,2E-05,2E-05,4E-05,0.00073,1E-05,1E-05,4E-05,2E-05,6E-05,0.00025,9E-05,4E-05,0.00176,2E-05,0.00117,0.00021,5E-05,0,2E-05,6E-05,0.00013,4E-05,0.00091,0.00012,2E-05,1E-05,1E-05,0,0.00013,6E-05,4E-05,5E-05,0.00133,2E-05,0.00161,1E-05,3E-05,2E-05,1E-05,2E-05,5E-05,8E-05,0.00046,0.00533,0.00017,0,0,0,0,0.00978,1E-05,1E-05,1E-05,0.00322,0.0287,0.00014,0.00047,0.00029,1E-05,2E-05,0.00669,0.00017,0.00014,0.00165,0.00257,0.00127,4E-05,2E-05
0,0,5E-05,0.0003,0,0,0,0,0,0,0,0,0,0.00063,2E-05,0,0,0,0,0,0,0,0,1E-05,0.00012,0,0,1E-05,0,1E-05,0,1E-05,1E-05,0.00031,0,0.0002,4E-05,0,0,0,0,0,0,0.00012,0,0,0,0,0,0,0,0,0,0,0,0.00026,0,0,0,0,0,0,0,0,0.00095,1E-05,0,0,0,0,7E-05,0,0,0,0.00057,0.00494,0,0,4E-05,0,0,0,2E-05,2E-05,0,0,4E-05,0,0
2E-05,0,0.00062,2E-05,7E-05,1E-05,2E-05,1E-05,0,0,1E-05,0,1E-05,2E-05,0,0,0,0,0,0,2E-05,0,0,0,0,1E-05,0,0,0,0,0,1E-05,1E-05,1E-05,0,2E-05,1E-05,0,0,1E-05,1E-05,3E-05,3E-05,9E-05,2E-05,3E-05,4E-05,3E-05,1E-05,1E-05,2E-05,0.00189,0,0.00048,3E-05,0.00183,2E-05,0.00034,0,4E-05,9E-05,8E-05,6E-05,1E-05,2E-05,0.00013,0,0,0,0,0.00241,4E-05,7E-05,4E-05,2E-05,0.02212,0,0.00011,1E-05,0,8E-05,0.00172,0.00011,1E-05,0.00058,1E-05,6E-05,0.00023,9E-05
0,0,0,0,0,0,0,0,0,0,0,0,0,0,0,0,0,0,0,0,0,0,0,0,0,0,0,0,0,0,0,0,0,0,0,0,0,0,0,0,0,0,0,0,0,0,0,0,0,0,0,0,0,0,0,0,0,0,0,0,0,0,0,0,0,0,0,0,0,0,0,0,0,0,0,0,0,0,0,0,0,0,0,0,0,0,0,0,0
2E-05,0,0.00012,2E-05,5E-05,1E-05,2E-05,1E-05,0,0,1E-05,0,1E-05,2E-05,0,0,0,0,0,0,2E-05,0,0,0,0,1E-05,0,0,0,0,0,1E-05,1E-05,1E-05,0,2E-05,1E-05,0,0,1E-05,2E-05,3E-05,3E-05,9E-05,2E-05,3E-05,4E-05,2E-05,1E-05,1E-05,2E-05,1E-05,0,0.00031,3E-05,0.00064,2E-05,3E-05,0,3E-05,8E-05,8E-05,6E-05,1E-05,2E-05,0.00013,0,0,0,0,7E-05,3E-05,7E-05,4E-05,2E-05,0.00019,0,0,1E-05,0,7E-05,7E-05,0.0001,1E-05,0.00022,1E-05,6E-05,0.00022,9E-05
3E-05,1E-05,0.00013,5E-05,1E-05,0,1E-05,0,0,0,1E-05,0,0,0,0,1E-05,0,0,0,1E-05,2E-05,1E-05,0,0,0,0,1E-05,1E-05,1E-05,0,1E-05,1E-05,1E-05,0,0,0,0,0,0,0,0,1E-05,5E-05,7E-05,2E-05,3E-05,9E-05,7E-05,0.00015,1E-05,5E-05,0.00013,0,0.00014,2E-05,0.00025,7E-05,0.00011,0,0,1E-05,7E-05,0.00028,2E-05,4E-05,7E-05,0,0,0,1E-05,8E-05,0.00011,6E-05,9E-05,0.00085,0.00024,1E-05,3E-05,8E-05,0,0.00159,0.00012,0.00046,6E-05,7E-05,1E-05,0.00027,7E-05,0.00099
3E-05,0,0.00012,1E-05,3E-05,1E-05,7E-05,8E-05,0,0,1E-05,1E-05,1E-05,0.00013,0,1E-05,0,0,0,0,1E-05,1E-05,1E-05,0,2E-05,2E-05,1E-05,0,3E-05,1E-05,0,2E-05,1E-05,1E-05,2E-05,2E-05,1E-05,2E-05,1E-05,1E-05,3E-05,0.00013,7E-05,0.00017,7E-05,2E-05,2E-05,2E-05,2E-05,2E-05,2E-05,2E-05,2E-05,0.00024,4E-05,0.00042,3E-05,3E-05,1E-05,3E-05,5E-05,6E-05,5E-05,7E-05,6E-05,0.0002,0,0,0,0,0.01134,3E-05,8E-05,2E-05,3E-05,0.00129,3E-05,0.00056,8E-05,0.00014,0.00063,0.00798,0.00011,0.00048,0.00183,1E-05,8E-05,0.00043,0.00016
0.00016,5E-05,0.00023,7E-05,9E-05,6E-05,0.00017,0.00018,2E-05,1E-05,4E-05,4E-05,9E-05,0.0004,2E-05,4E-05,0.00012,2E-05,2E-05,3E-05,5E-05,7E-05,2E-05,8E-05,7E-05,7E-05,4E-05,3E-05,6E-05,2E-05,4E-05,9E-05,6E-05,5E-05,4E-05,8E-05,4E-05,9E-05,0.00011,5E-05,0.00012,0.0004,0.00038,0.00054,0.00017,0.00033,0.00016,0.00072,0.00067,0.00222,0.00041,0.00016,5E-05,0.00091,0.00015,0.00099,0.00033,0.00022,0.00057,0.00015,0.00052,0.0005,0.00137,0.00037,0.00029,0.00055,0,0,0,0.00106,0.00086,0.00062,0.00056,0.00104,0.00066,0.00317,0.00014,3E-05,0.00022,0.00022,0.00121,0.00089,0.00066,0.00098,0.00036,7E-05,0.00039,0.00126,0.00123
0.00012,2E-05,0.00153,6E-05,9E-05,0.00019,0.00125,0.00249,9E-05,4E-05,8E-05,0.00018,0.00017,0.00243,0.0001,0.00012,0.0001,5E-05,0.0001,7E-05,8E-05,0.00016,0.00011,3E-05,0.00054,0.0004,0.00011,0.00011,0.00075,0.00019,0.00011,0.00024,0.00023,0.0002,0.00042,0.00033,0.0002,0.00042,0.00011,0.00011,0.00032,0.00235,0.00051,0.00128,0.00063,1E-05,1E-05,6E-05,0.00044,0.00073,9E-05,0.0001,8E-05,0.00152,0.00065,0.00206,0.00044,0.00035,4E-05,0.00025,9E-05,0.00039,0.00049,0.00173,0.00124,0.00389,0,0,0,0,0.00337,0.00037,0.00139,0,0.00062,0.00267,0.00082,0.00046,0.00178,0.00411,0.018,0.00076,0.00112,0.01459,0.00034,0.0001,0.00088,0.00968,0.00363
3E-05,3E-05,6E-05,3E-05,0.0003,0.00033,0.00072,0.0002,4E-05,3E-05,5E-05,4E-05,0.00014,4E-05,6E-05,4E-05,5E-05,3E-05,2E-05,2E-05,5E-05,5E-05,0.00021,6E-05,0.00111,7E-05,6E-05,0.00022,8E-05,0.0006,0.00451,0.00033,0.00019,0.00029,0.00037,0.0011,0.00012,0.00023,5E-05,0.0001,0.00012,6E-05,5E-05,0.00012,2E-05,7E-05,9E-05,0.00019,0.00018,0.0005,0.0006,8E-05,2E-05,0.0216,3E-05,0.00014,0.00014,0.00013,0.00018,8E-05,0.00019,8E-05,0.0002,0.00711,5E-05,0.00139,0,0,0.00011,0.00029,0.00597,0.00016,0.00015,0.00027,0.00046,0.00066,0.00225,0.0003,4E-05,5E-05,0.00022,0.00507,0.00036,0.00112,0.00422,0.04548,0.01762,0.00035,0.00026
0.00012,7E-05,4E-05,5E-05,0.00025,0.0003,0.00072,0.00019,8E-05,8E-05,8E-05,8E-05,0.00016,5E-05,9E-05,9E-05,7E-05,6E-05,5E-05,5E-05,8E-05,0.0001,0.0002,0.0001,0.00098,0.0001,0.0001,0.00022,0.00011,0.00055,0.00383,0.00033,0.0002,0.00027,0.00035,0.00096,0.00015,0.00027,7E-05,0.00011,0.00018,0.00021,9E-05,0.00043,0.0002,9E-05,8E-05,0.00015,0.00014,0.00038,0.00052,0.00014,0.0001,0.01818,6E-05,6E-05,0.00011,0.00013,0.00016,7E-05,0.00017,9E-05,0.0001,0.00598,4E-05,0.00117,0,1E-05,1E-05,0.00021,0.0001,0.00011,0.0001,0.00019,0.00029,6E-05,0.00191,3E-05,7E-05,2E-05,9E-05,0.0008,0.00029,0.00087,0.00279,0.03827,0.01486,0.0002,0.00017
7E-05,6E-05,6E-05,0.0001,8E-05,0.0001,0.00026,0.00012,6E-05,7E-05,6E-05,7E-05,0.00016,0.00118,6E-05,7E-05,0.00016,5E-05,4E-05,5E-05,8E-05,9E-05,7E-05,9E-05,0.00034,7E-05,0.00025,0.00011,0.0001,0.00024,0.00115,0.00093,0.00013,0.00012,0.00017,0.00036,0.0001,0.00013,6E-05,0.00127,0.0001,0.00022,0.00082,0.00061,0.00033,0.00012,9E-05,7E-05,7E-05,0.00074,0.00103,0.00014,7E-05,0.00533,0.0003,0.00025,0.0001,0.00029,8E-05,5E-05,9E-05,8E-05,0.00019,0.00177,0.0002,0.00042,0,0,2E-05,3E-05,0.0009,7E-05,0.0001,0.0001,9E-05,0.0002,0.0006,3E-05,0.00014,0.00039,0.00095,0.00118,0.00054,0.00081,0.00082,0.01075,0.00459,0.00025,0.00023
0.00023,3E-05,0.00012,4E-05,0.00013,0.0003,0.00032,0.0013,6E-05,4E-05,9E-05,0.00013,0.00093,0.01789,5E-05,9E-05,4E-05,8E-05,3E-05,6E-05,7E-05,9E-05,3E-05,0.00051,0.00062,8E-05,8E-05,5E-05,0.00031,0.00017,0.00061,0.00066,0.00035,0.00017,0.00029,0.00055,0.00012,0.00014,3E-05,0.00013,0.00015,0.00106,0.01254,0.00418,0.00017,9E-05,0.00014,9E-05,8E-05,0.00588,0.0011,0.00115,3E-05,0.00203,0.00052,0.00026,0.00054,0.00079,0.00013,0.00013,0.0001,0.00167,0.00176,0.00035,0.00238,6E-05,0,0,8E-05,0.00013,0.01264,8E-05,9E-05,0.00013,0.0007,0.00172,0.0004,0.00011,0.00089,0.00459,0.00877,0.01436,0.00678,0.00477,0.00014,2E-05,0.00523,0.00015,0.00013
0.00439,0.00064,0.00088,0.00098,0.00041,0.00094,0.00554,0.00199,0.00037,0.00027,0.00032,0.00046,0.00052,0.00041,0.00035,0.00164,0.00033,0.00024,0.00026,0.00031,0.00029,0.00153,0.00063,0.00084,0.00158,0.00173,0.00051,0.00044,0.0007,0.00043,0.00614,0.00168,0.00074,0.00146,0.00094,0.00097,0.00074,0.0031,0.0009,0.00073,0.00326,0.00961,0.00247,0.01613,0.00811,0.00199,0.00084,0.00262,0.00132,0.01467,0.00361,0.00315,0.00294,0.00524,0.00147,0.00282,0.00043,0.00218,0.0016,0.00106,0.00015,0.00472,0.00693,0.00445,0.002,0.00407,4E-05,0.00017,0.00021,0.00245,0.00305,0.00214,0.00122,0.00238,0.00153,0.00578,0.01449,0.00032,0.00327,0.00098,0.00949,0.00491,0.00176,0.00139,0.00066,0.00026,0.00354,0.00132,0.024
